SampleID,q0,q1,q2,Ind,Library,BarcodeSequence,LinkerPrimerSequence,Overhang,SampleType,SVL,TL,Weight,Tb ,Ts ,Ta 
Sg.M.E.10.16S,7,2.467163585,1.739882071,10,A,TCCTGAGCGTAAGGAG,CCTACGGGNGGCWGCAG,Overhang_29,Stomach,57,113,5.9,5.9,113,57
Sg.M.E.4.16S,59,24.37928923,13.28000455,4,A,CGTACTAGTATCCTCT,CCTACGGGNGGCWGCAG,Overhang_11,Stomach,56,134,9.9,29,17.4,15.9
Sg.M.E.5.16S,11,3.004929358,1.903103983,5,A,CGTACTAGACTGCATA,CCTACGGGNGGCWGCAG,Overhang_14,Stomach,62,127,6.3,28.1,19.9,19.7
Sg.M.E.6.16S,8,1.442672959,1.160110062,6,A,AGGCAGAATAGATCGC,CCTACGGGNGGCWGCAG,Overhang_17,Stomach,50,112,3.8,28.9,22.8,20.1
Sg.M.E.7.16S,10,4.370363813,3.344151249,7,A,AGGCAGAAAGAGTAGA,CCTACGGGNGGCWGCAG,Overhang_20,Stomach,55,84,5.4,31.8,23.1,20.4
Sg.M.E.8.16S,10,4.019785725,3.393483844,8,A,AGGCAGAAAAGGAGTA,CCTACGGGNGGCWGCAG,Overhang_23,Stomach,58,108,5.1,5.1,108,58
Sg.M.E.9.16S,101,21.08351028,9.584153486,9,A,TCCTGAGCCTCTCTAT,CCTACGGGNGGCWGCAG,Overhang_26,Stomach,57,120,5.8,5.8,120,57
Sg.M.H.1.16S,3,1.050120306,1.014986131,1,B,TAAGGCGATAGATCGC,CCTACGGGNGGCWGCAG,Overhang_1,Feces,NA,NA,NA,NA,NA,NA
Sg.M.H.10.16S,7,3.107265103,2.96031768,10,B,CGTACTAGCTCTCTAT,CCTACGGGNGGCWGCAG,Overhang_10,Feces,57,113,5.9,5.9,113,57
Sg.M.H.2.16S,7,3.696283305,3.030163113,2,B,TAAGGCGACTCTCTAT,CCTACGGGNGGCWGCAG,Overhang_2,Feces,NA,NA,NA,NA,NA,NA
Sg.M.H.3.16S,148,81.48903303,46.90602053,3,B,TAAGGCGATATCCTCT,CCTACGGGNGGCWGCAG,Overhang_3,Feces,NA,NA,NA,NA,NA,NA
Sg.M.H.4.16S,165,65.69583806,34.73643927,4,B,TAAGGCGAAGAGTAGA,CCTACGGGNGGCWGCAG,Overhang_4,Feces,56,134,9.9,29,17.4,15.9
Sg.M.H.5.16S,124,70.14689531,45.01609669,5,B,TAAGGCGAGTAAGGAG,CCTACGGGNGGCWGCAG,Overhang_5,Feces,62,127,6.3,28.1,19.9,19.7
Sg.M.H.6.16S,189,57.31366819,28.93334635,6,B,TAAGGCGAACTGCATA,CCTACGGGNGGCWGCAG,Overhang_6,Feces,50,112,3.8,28.9,22.8,20.1
Sg.M.H.7.16S,107,29.93690285,15.16753044,7,B,TAAGGCGAAAGGAGTA,CCTACGGGNGGCWGCAG,Overhang_7,Feces,55,84,5.4,31.8,23.1,20.4
Sg.M.H.8.16S,173,64.54733587,20.29144947,8,B,TAAGGCGACTAAGCCT,CCTACGGGNGGCWGCAG,Overhang_8,Feces,58,108,5.1,5.1,108,58
Sg.M.H.9.16S,165,60.74116176,25.24201899,9,B,CGTACTAGTAGATCGC,CCTACGGGNGGCWGCAG,Overhang_9,Feces,57,120,5.8,5.8,120,57
Sg.M.HC.1.16S,188,84.51538104,46.65383333,1,C,TAAGGCGATAGATCGC,CCTACGGGNGGCWGCAG,Overhang_1,Swab,NA,NA,NA,NA,NA,NA
Sg.M.HC.10.16S,232,67.86435705,20.21918028,10,C,CGTACTAGCTCTCTAT,CCTACGGGNGGCWGCAG,Overhang_10,Swab,57,113,5.9,5.9,113,57
Sg.M.HC.2.16S,141,60.85800439,37.12403891,2,C,TAAGGCGACTCTCTAT,CCTACGGGNGGCWGCAG,Overhang_2,Swab,NA,NA,NA,NA,NA,NA
Sg.M.HC.3.16S,183,88.25503475,42.19346137,3,C,TAAGGCGATATCCTCT,CCTACGGGNGGCWGCAG,Overhang_3,Swab,NA,NA,NA,NA,NA,NA
Sg.M.HC.4.16S,42,2.608222563,2.166146839,4,C,TAAGGCGAAGAGTAGA,CCTACGGGNGGCWGCAG,Overhang_4,Swab,56,134,9.9,29,17.4,15.9
Sg.M.HC.5.16S,51,6.189876643,2.341774953,5,C,TAAGGCGAGTAAGGAG,CCTACGGGNGGCWGCAG,Overhang_5,Swab,62,127,6.3,28.1,19.9,19.7
Sg.M.HC.6.16S,31,3.345520731,1.756123915,6,C,TAAGGCGAACTGCATA,CCTACGGGNGGCWGCAG,Overhang_6,Swab,50,112,3.8,28.9,22.8,20.1
Sg.M.HC.7.16S,80,23.19719962,12.06940716,7,C,TAAGGCGAAAGGAGTA,CCTACGGGNGGCWGCAG,Overhang_7,Swab,55,84,5.4,31.8,23.1,20.4
Sg.M.HC.8.16S,37,2.747849008,2.206923539,8,C,TAAGGCGACTAAGCCT,CCTACGGGNGGCWGCAG,Overhang_8,Swab,58,108,5.1,5.1,108,58
Sg.M.HC.9.16S,96,53.42709644,29.45673264,9,C,CGTACTAGTAGATCGC,CCTACGGGNGGCWGCAG,Overhang_9,Swab,57,120,5.8,5.8,120,57
Sg.M.I.10.16S,180,83.41609503,41.15053562,10,A,TCCTGAGCACTGCATA,CCTACGGGNGGCWGCAG,Overhang_30,Small intestine,57,113,5.9,5.9,113,57
Sg.M.I.4.16S,25,2.252173008,2.066425629,4,A,CGTACTAGAGAGTAGA,CCTACGGGNGGCWGCAG,Overhang_12,Small intestine,56,134,9.9,29,17.4,15.9
Sg.M.I.5.16S,165,78.33445477,33.18483084,5,A,CGTACTAGAAGGAGTA,CCTACGGGNGGCWGCAG,Overhang_15,Small intestine,62,127,6.3,28.1,19.9,19.7
Sg.M.I.6.16S,134,69.44306495,36.72827913,6,A,AGGCAGAACTCTCTAT,CCTACGGGNGGCWGCAG,Overhang_18,Small intestine,50,112,3.8,28.9,22.8,20.1
Sg.M.I.7.16S,302,126.5643587,64.32566246,7,A,AGGCAGAAGTAAGGAG,CCTACGGGNGGCWGCAG,Overhang_21,Small intestine,55,84,5.4,31.8,23.1,20.4
Sg.M.I.8.16S,49,2.652495965,2.170646609,8,A,AGGCAGAACTAAGCCT,CCTACGGGNGGCWGCAG,Overhang_24,Small intestine,58,108,5.1,5.1,108,58
Sg.M.I.9.16S,306,106.9728415,55.79572199,9,A,TCCTGAGCTATCCTCT,CCTACGGGNGGCWGCAG,Overhang_27,Small intestine,57,120,5.8,5.8,120,57
Sg.M.R.10.16S,281,104.5001889,43.63678144,10,A,TCCTGAGCAAGGAGTA,CCTACGGGNGGCWGCAG,Overhang_31,Rectum,57,113,5.9,5.9,113,57
Sg.M.R.4.16S,44,7.976737187,5.313342465,4,A,CGTACTAGGTAAGGAG,CCTACGGGNGGCWGCAG,Overhang_13,Rectum,56,134,9.9,29,17.4,15.9
Sg.M.R.5.16S,242,99.69745186,42.1008221,5,A,CGTACTAGCTAAGCCT,CCTACGGGNGGCWGCAG,Overhang_16,Rectum,62,127,6.3,28.1,19.9,19.7
Sg.M.R.6.16S,285,88.00078307,35.48169272,6,A,AGGCAGAATATCCTCT,CCTACGGGNGGCWGCAG,Overhang_19,Rectum,50,112,3.8,28.9,22.8,20.1
Sg.M.R.7.16S,338,124.4122299,63.06395818,7,A,AGGCAGAAACTGCATA,CCTACGGGNGGCWGCAG,Overhang_22,Rectum,55,84,5.4,31.8,23.1,20.4
Sg.M.R.8.16S,257,98.46638302,35.53200808,8,A,TCCTGAGCTAGATCGC,CCTACGGGNGGCWGCAG,Overhang_25,Rectum,58,108,5.1,5.1,108,58
Sg.M.R.9.16S,265,99.4193178,52.75220343,9,A,TCCTGAGCAGAGTAGA,CCTACGGGNGGCWGCAG,Overhang_28,Rectum,57,120,5.8,5.8,120,57
,,,,,,,,,,,,,,,
, , , ,,,,,,,,,, ,,
 , , , , ,,,,,,,,,,,