index,k__Bacteria;p__Proteobacteria,k__Bacteria;p__Firmicutes,k__Bacteria;p__Bacteroidetes,k__Bacteria;p__Actinobacteria,k__Bacteria;p__Tenericutes,k__Bacteria;p__Cyanobacteria,k__Bacteria;__,k__Bacteria;p__Acidobacteria,k__Bacteria;p__OD1,k__Bacteria;p__Verrucomicrobia,Ind,Library,BarcodeSequence,LinkerPrimerSequence,Overhang,Species,Sex,SampleType,SVL,TL,Weight,Tb,Ts,Ta,Location,Day,Month,Year
Sg.M.HC.1.16S,1133,2,0,20,0,0,0,0,0,0,1,C,TAAGGCGATAGATCGC,CCTACGGGNGGCWGCAG,Overhang_1,Sceloporusgrammicus,Male,Swab,NA,NA,NA,NA,NA,NA,Low_zone,28,10,2020
Sg.M.HC.10.16S,1318,463,997,0,0,0,0,0,0,40,10,C,CGTACTAGCTCTCTAT,CCTACGGGNGGCWGCAG,Overhang_10,Sceloporusgrammicus,Male,Swab,57,113,5.9,5.9,113,57,Low_zone,28,10,2020
Sg.M.HC.2.16S,1748,113,0,30,0,0,0,0,0,0,2,C,TAAGGCGACTCTCTAT,CCTACGGGNGGCWGCAG,Overhang_2,Sceloporusgrammicus,Male,Swab,NA,NA,NA,NA,NA,NA,Low_zone,28,10,2020
Sg.M.HC.3.16S,5483,0,0,5,0,0,0,0,0,0,3,C,TAAGGCGATATCCTCT,CCTACGGGNGGCWGCAG,Overhang_3,Sceloporusgrammicus,Male,Swab,NA,NA,NA,NA,NA,NA,Low_zone,28,10,2020
Sg.M.HC.4.16S,4749,28,0,0,0,0,0,0,0,0,4,C,TAAGGCGAAGAGTAGA,CCTACGGGNGGCWGCAG,Overhang_4,Sceloporusgrammicus,Male,Swab,56,134,9.9,29,17.4,15.9,Low_zone,28,10,2020
Sg.M.HC.5.16S,2594,15,0,14,0,0,0,0,0,0,5,C,TAAGGCGAGTAAGGAG,CCTACGGGNGGCWGCAG,Overhang_5,Sceloporusgrammicus,Male,Swab,62,127,6.3,28.1,19.9,19.7,Low_zone,28,10,2020
Sg.M.HC.6.16S,6166,3315,1365,123,0,0,0,0,0,29,6,C,TAAGGCGAACTGCATA,CCTACGGGNGGCWGCAG,Overhang_6,Sceloporusgrammicus,Male,Swab,50,112,3.8,28.9,22.8,20.1,Low_zone,28,10,2020
Sg.M.HC.7.16S,8082,0,0,0,0,0,0,0,0,0,7,C,TAAGGCGAAAGGAGTA,CCTACGGGNGGCWGCAG,Overhang_7,Sceloporusgrammicus,Male,Swab,55,84,5.4,31.8,23.1,20.4,Low_zone,28,10,2020
Sg.M.HC.8.16S,7978,8,0,0,0,0,0,0,0,0,8,C,TAAGGCGACTAAGCCT,CCTACGGGNGGCWGCAG,Overhang_8,Sceloporusgrammicus,Male,Swab,58,108,5.1,5.1,108,58,Low_zone,28,10,2020
Sg.M.HC.9.16S,6724,19,0,0,0,0,0,0,0,0,9,C,CGTACTAGTAGATCGC,CCTACGGGNGGCWGCAG,Overhang_9,Sceloporusgrammicus,Male,Swab,57,120,5.8,5.8,120,57,Low_zone,28,10,2020
Sg.M.H.1.16S,908,3143,4173,0,12,8,0,0,0,33,1,B,TAAGGCGATAGATCGC,CCTACGGGNGGCWGCAG,Overhang_1,Sceloporusgrammicus,Male,Feces,NA,NA,NA,NA,NA,NA,Low_zone,28,10,2020
Sg.M.H.10.16S,4124,6319,4497,0,0,0,0,0,0,287,10,B,CGTACTAGCTCTCTAT,CCTACGGGNGGCWGCAG,Overhang_10,Sceloporusgrammicus,Male,Feces,57,113,5.9,5.9,113,57,Low_zone,28,10,2020
Sg.M.H.2.16S,767,4166,2519,0,0,0,0,0,0,35,2,B,TAAGGCGACTCTCTAT,CCTACGGGNGGCWGCAG,Overhang_2,Sceloporusgrammicus,Male,Feces,NA,NA,NA,NA,NA,NA,Low_zone,28,10,2020
Sg.M.H.3.16S,290,17939,5015,0,59,0,0,0,0,220,3,B,TAAGGCGATATCCTCT,CCTACGGGNGGCWGCAG,Overhang_3,Sceloporusgrammicus,Male,Feces,NA,NA,NA,NA,NA,NA,Low_zone,28,10,2020
Sg.M.H.4.16S,7349,7144,1113,14,0,0,0,0,0,59,4,B,TAAGGCGAAGAGTAGA,CCTACGGGNGGCWGCAG,Overhang_4,Sceloporusgrammicus,Male,Feces,56,134,9.9,29,17.4,15.9,Low_zone,28,10,2020
Sg.M.H.5.16S,241,10273,5430,0,17,0,0,0,0,100,5,B,TAAGGCGAGTAAGGAG,CCTACGGGNGGCWGCAG,Overhang_5,Sceloporusgrammicus,Male,Feces,62,127,6.3,28.1,19.9,19.7,Low_zone,28,10,2020
Sg.M.H.6.16S,518,10177,6967,0,0,10,0,0,0,179,6,B,TAAGGCGAACTGCATA,CCTACGGGNGGCWGCAG,Overhang_6,Sceloporusgrammicus,Male,Feces,50,112,3.8,28.9,22.8,20.1,Low_zone,28,10,2020
Sg.M.H.7.16S,281,8227,8910,0,20,20,0,0,0,41,7,B,TAAGGCGAAAGGAGTA,CCTACGGGNGGCWGCAG,Overhang_7,Sceloporusgrammicus,Male,Feces,55,84,5.4,31.8,23.1,20.4,Low_zone,28,10,2020
Sg.M.H.8.16S,2429,18134,7575,0,72,26,0,0,0,206,8,B,TAAGGCGACTAAGCCT,CCTACGGGNGGCWGCAG,Overhang_8,Sceloporusgrammicus,Male,Feces,58,108,5.1,5.1,108,58,Low_zone,28,10,2020
Sg.M.H.9.16S,948,4597,7926,0,0,18,0,0,0,32,9,B,CGTACTAGTAGATCGC,CCTACGGGNGGCWGCAG,Overhang_9,Sceloporusgrammicus,Male,Feces,57,120,5.8,5.8,120,57,Low_zone,28,10,2020
Sg.M.E.10.16S,395,6645,7141,8,0,12,72,0,23,283,10,A,TCCTGAGCGTAAGGAG,CCTACGGGNGGCWGCAG,Overhang_29,Sceloporusgrammicus,Male,Stomach,57,113,5.9,5.9,113,57,Low_zone,28,10,2020
Sg.M.E.4.16S,22751,368,234,0,19,0,0,0,0,0,4,A,CGTACTAGTATCCTCT,CCTACGGGNGGCWGCAG,Overhang_11,Sceloporusgrammicus,Male,Stomach,56,134,9.9,29,17.4,15.9,Low_zone,28,10,2020
Sg.M.E.5.16S,572,599,154,15,2890,0,28,0,13,0,5,A,CGTACTAGACTGCATA,CCTACGGGNGGCWGCAG,Overhang_14,Sceloporusgrammicus,Male,Stomach,62,127,6.3,28.1,19.9,19.7,Low_zone,28,10,2020
Sg.M.E.6.16S,473,757,83,52,4811,0,9,0,0,0,6,A,AGGCAGAATAGATCGC,CCTACGGGNGGCWGCAG,Overhang_17,Sceloporusgrammicus,Male,Stomach,50,112,3.8,28.9,22.8,20.1,Low_zone,28,10,2020
Sg.M.E.7.16S,3027,3951,252,68,3691,30,63,31,0,3,7,A,AGGCAGAAAGAGTAGA,CCTACGGGNGGCWGCAG,Overhang_20,Sceloporusgrammicus,Male,Stomach,55,84,5.4,31.8,23.1,20.4,Low_zone,28,10,2020
Sg.M.E.8.16S,12380,253,278,0,15,0,0,0,0,0,8,A,AGGCAGAAAAGGAGTA,CCTACGGGNGGCWGCAG,Overhang_23,Sceloporusgrammicus,Male,Stomach,58,108,5.1,5.1,108,58,Low_zone,28,10,2020
Sg.M.E.9.16S,115,2118,2307,0,0,0,2,0,0,83,9,A,TCCTGAGCCTCTCTAT,CCTACGGGNGGCWGCAG,Overhang_26,Sceloporusgrammicus,Male,Stomach,57,120,5.8,5.8,120,57,Low_zone,28,10,2020
Sg.M.I.10.16S,154,6529,7122,0,0,0,11,0,8,422,10,A,TCCTGAGCACTGCATA,CCTACGGGNGGCWGCAG,Overhang_30,Sceloporusgrammicus,Male,Small intestine,57,113,5.9,5.9,113,57,Low_zone,28,10,2020
Sg.M.I.4.16S,26116,132,57,0,12,0,58,0,0,0,4,A,CGTACTAGAGAGTAGA,CCTACGGGNGGCWGCAG,Overhang_12,Sceloporusgrammicus,Male,Small intestine,56,134,9.9,29,17.4,15.9,Low_zone,28,10,2020
Sg.M.I.5.16S,318,7535,3523,3,24,0,2,0,0,28,5,A,CGTACTAGAAGGAGTA,CCTACGGGNGGCWGCAG,Overhang_15,Sceloporusgrammicus,Male,Small intestine,62,127,6.3,28.1,19.9,19.7,Low_zone,28,10,2020
Sg.M.I.6.16S,112,3897,3976,0,3,0,0,0,0,170,6,A,AGGCAGAACTCTCTAT,CCTACGGGNGGCWGCAG,Overhang_18,Sceloporusgrammicus,Male,Small intestine,50,112,3.8,28.9,22.8,20.1,Low_zone,28,10,2020
Sg.M.I.7.16S,2893,17413,18678,23,90,33,0,0,0,186,7,A,AGGCAGAAGTAAGGAG,CCTACGGGNGGCWGCAG,Overhang_21,Sceloporusgrammicus,Male,Small intestine,55,84,5.4,31.8,23.1,20.4,Low_zone,28,10,2020
Sg.M.I.8.16S,22085,545,296,0,13,0,0,0,0,0,8,A,AGGCAGAACTAAGCCT,CCTACGGGNGGCWGCAG,Overhang_24,Sceloporusgrammicus,Male,Small intestine,58,108,5.1,5.1,108,58,Low_zone,28,10,2020
Sg.M.I.9.16S,2122,19046,26433,19,24,56,2,0,0,299,9,A,TCCTGAGCTATCCTCT,CCTACGGGNGGCWGCAG,Overhang_27,Sceloporusgrammicus,Male,Small intestine,57,120,5.8,5.8,120,57,Low_zone,28,10,2020
Sg.M.R.10.16S,610,17947,22503,10,11,21,0,0,0,1059,10,A,TCCTGAGCAAGGAGTA,CCTACGGGNGGCWGCAG,Overhang_31,Sceloporusgrammicus,Male,Rectum,57,113,5.9,5.9,113,57,Low_zone,28,10,2020
Sg.M.R.4.16S,19741,1347,181,0,7,0,0,0,0,33,4,A,CGTACTAGGTAAGGAG,CCTACGGGNGGCWGCAG,Overhang_13,Sceloporusgrammicus,Male,Rectum,56,134,9.9,29,17.4,15.9,Low_zone,28,10,2020
Sg.M.R.5.16S,706,19600,12001,0,70,5,6,0,0,172,5,A,CGTACTAGCTAAGCCT,CCTACGGGNGGCWGCAG,Overhang_16,Sceloporusgrammicus,Male,Rectum,62,127,6.3,28.1,19.9,19.7,Low_zone,28,10,2020
Sg.M.R.6.16S,2145,34128,21839,19,32,6,0,0,0,270,6,A,AGGCAGAATATCCTCT,CCTACGGGNGGCWGCAG,Overhang_19,Sceloporusgrammicus,Male,Rectum,50,112,3.8,28.9,22.8,20.1,Low_zone,28,10,2020
Sg.M.R.7.16S,2293,29185,30385,31,132,41,0,0,0,296,7,A,AGGCAGAAACTGCATA,CCTACGGGNGGCWGCAG,Overhang_22,Sceloporusgrammicus,Male,Rectum,55,84,5.4,31.8,23.1,20.4,Low_zone,28,10,2020
Sg.M.R.8.16S,839,14966,6704,0,83,8,3,0,0,320,8,A,TCCTGAGCTAGATCGC,CCTACGGGNGGCWGCAG,Overhang_25,Sceloporusgrammicus,Male,Rectum,58,108,5.1,5.1,108,58,Low_zone,28,10,2020
Sg.M.R.9.16S,1607,14400,21314,15,17,18,0,0,0,315,9,A,TCCTGAGCAGAGTAGA,CCTACGGGNGGCWGCAG,Overhang_28,Sceloporusgrammicus,Male,Rectum,57,120,5.8,5.8,120,57,Low_zone,28,10,2020