index,d__Bacteria;p__Firmicutes,d__Bacteria;p__Bacteroidota,d__Bacteria;p__Proteobacteria,d__Bacteria;p__Desulfobacterota,d__Bacteria;p__Actinobacteriota,d__Bacteria;p__Cyanobacteria,d__Bacteria;p__Campilobacterota,d__Bacteria;p__Verrucomicrobiota,d__Bacteria;__Unassaigned,d__Bacteria;p__Spirochaetota,d__Bacteria;p__Acidobacteriota,d__Bacteria;p__Deferribacterota,BarcodeSequence,LinkerPrimerSequence,Overhang,Species,SampleType,SVL,TL,Weight,Tb,Ts,Ta
Sg.M.E.1.16S,73,100,51,4,0,0,24,2,0,0,0,0,TAAGGCGATAGATCGC,CCTACGGGNGGCWGCAG,Overhang_1,Sceloporusgrammicus,Stomach,NA,NA,NA,NA,NA,NA
Sg.M.E.2.16S,36,32,19,0,0,0,0,0,0,0,0,0,TAAGGCGAAAGGAGTA,CCTACGGGNGGCWGCAG,Overhang_7,Sceloporusgrammicus,Stomach,NA,NA,NA,NA,NA,NA
Sg.M.E.3.16S,353,273,38,0,0,0,0,0,0,0,0,0,CGTACTAGGTAAGGAG,CCTACGGGNGGCWGCAG,Overhang_13,Sceloporusgrammicus,Stomach,NA,NA,NA,NA,NA,NA
Sg.M.H.1.16S,991,1719,386,23,0,24,0,63,0,0,0,0,TAAGGCGAGTAAGGAG,CCTACGGGNGGCWGCAG,Overhang_5,Sceloporusgrammicus,Feces,NA,NA,NA,NA,NA,NA
Sg.M.H.2.16S,2349,1368,320,27,0,0,27,25,0,0,0,0,CGTACTAGCTCTCTAT,CCTACGGGNGGCWGCAG,Overhang_10,Sceloporusgrammicus,Feces,NA,NA,NA,NA,NA,NA
Sg.M.H.3.16S,4925,1978,78,24,0,0,8,126,0,0,0,0,CGTACTAGCTAAGCCT,CCTACGGGNGGCWGCAG,Overhang_16,Sceloporusgrammicus,Feces,NA,NA,NA,NA,NA,NA
Sg.M.HC.1.16S,79,43,1494,0,44,0,0,0,0,0,0,0,TAAGGCGAACTGCATA,CCTACGGGNGGCWGCAG,Overhang_6,Sceloporusgrammicus,Swab,NA,NA,NA,NA,NA,NA
Sg.M.HC.2.16S,1946,2642,518,47,0,6,0,57,0,0,0,0,CGTACTAGAGAGTAGA,CCTACGGGNGGCWGCAG,Overhang_12,Sceloporusgrammicus,Swab,NA,NA,NA,NA,NA,NA
Sg.M.HC.3.16S,419,136,209,0,0,0,3560,5,0,0,0,0,AGGCAGAATAGATCGC,CCTACGGGNGGCWGCAG,Overhang_17,Sceloporusgrammicus,Swab,NA,NA,NA,NA,NA,NA
Sg.M.I.1.16S,77,137,89,0,0,0,0,0,0,0,0,0,TAAGGCGACTCTCTAT,CCTACGGGNGGCWGCAG,Overhang_2,Sceloporusgrammicus,Smallintestine,NA,NA,NA,NA,NA,NA
Sg.M.I.2.16S,223,125,66,5,0,0,0,0,0,0,0,0,TAAGGCGACTAAGCCT,CCTACGGGNGGCWGCAG,Overhang_8,Sceloporusgrammicus,Smallintestine,NA,NA,NA,NA,NA,NA
Sg.M.I.3.16S,422,153,71,0,0,0,0,0,0,0,0,0,CGTACTAGACTGCATA,CCTACGGGNGGCWGCAG,Overhang_14,Sceloporusgrammicus,Smallintestine,NA,NA,NA,NA,NA,NA
Sg.M.R.1.16S,2356,2827,218,109,0,0,0,115,0,0,0,2,TAAGGCGAAGAGTAGA,CCTACGGGNGGCWGCAG,Overhang_4,Sceloporusgrammicus,Rectum,NA,NA,NA,NA,NA,NA
Sg.M.R.2.16S,4006,3927,147,41,5,0,175,51,0,0,0,0,CGTACTAGTAGATCGC,CCTACGGGNGGCWGCAG,Overhang_9,Sceloporusgrammicus,Rectum,NA,NA,NA,NA,NA,NA
Sg.M.R.3.16S,2844,2461,76,37,12,0,55,51,0,3,0,0,CGTACTAGAAGGAGTA,CCTACGGGNGGCWGCAG,Overhang_15,Sceloporusgrammicus,Rectum,NA,NA,NA,NA,NA,NA
Sg.M.HC.10.16S,463,997,1304,14,0,0,0,40,0,0,0,0,CGTACTAGCTCTCTAT,CCTACGGGNGGCWGCAG,Overhang_10,Sceloporusgrammicus,Swab,57,113,5.9,5.9,12,57
Sg.M.HC.4.16S,28,0,4716,9,0,0,24,0,0,0,0,0,TAAGGCGAAGAGTAGA,CCTACGGGNGGCWGCAG,Overhang_4,Sceloporusgrammicus,Swab,56,134,9.9,29,17.4,15.9
Sg.M.HC.5.16S,15,0,2583,0,14,0,11,0,0,0,0,0,TAAGGCGAGTAAGGAG,CCTACGGGNGGCWGCAG,Overhang_5,Sceloporusgrammicus,Swab,62,127,6.3,28.1,19.9,19.7
Sg.M.HC.6.16S,3315,1365,6133,11,123,0,22,29,0,0,0,0,TAAGGCGAACTGCATA,CCTACGGGNGGCWGCAG,Overhang_6,Sceloporusgrammicus,Swab,50,112,3.8,28.9,22.8,20.1
Sg.M.HC.7.16S,0,0,60,0,0,0,8022,0,0,0,0,0,TAAGGCGAAAGGAGTA,CCTACGGGNGGCWGCAG,Overhang_7,Sceloporusgrammicus,Swab,55,84,5.4,31.8,23.1,20.4
Sg.M.HC.8.16S,8,0,7959,0,0,0,19,0,0,0,0,0,TAAGGCGACTAAGCCT,CCTACGGGNGGCWGCAG,Overhang_8,Sceloporusgrammicus,Swab,58,108,5.1,5.1,10.8,58
Sg.M.HC.9.16S,19,0,6724,0,0,0,0,0,0,0,0,0,CGTACTAGTAGATCGC,CCTACGGGNGGCWGCAG,Overhang_9,Sceloporusgrammicus,Swab,57,120,5.8,5.8,12,57
Sg.M.H.10.16S,6319,4497,3876,248,0,0,0,287,0,0,0,0,CGTACTAGCTCTCTAT,CCTACGGGNGGCWGCAG,Overhang_10,Sceloporusgrammicus,Feces,57,113,5.9,5.9,12,57
Sg.M.H.4.16S,7144,1113,6999,350,14,0,0,59,0,0,0,0,TAAGGCGAAGAGTAGA,CCTACGGGNGGCWGCAG,Overhang_4,Sceloporusgrammicus,Feces,56,134,9.9,29,17.4,15.9
Sg.M.H.5.16S,10290,5430,124,117,0,0,0,100,0,0,0,0,TAAGGCGAGTAAGGAG,CCTACGGGNGGCWGCAG,Overhang_5,Sceloporusgrammicus,Feces,62,127,6.3,28.1,19.9,19.7
Sg.M.H.6.16S,10177,6967,392,126,0,10,0,179,0,0,0,0,TAAGGCGAACTGCATA,CCTACGGGNGGCWGCAG,Overhang_6,Sceloporusgrammicus,Feces,50,112,3.8,28.9,22.8,20.1
Sg.M.H.7.16S,8247,8910,142,93,0,20,46,41,0,0,0,0,TAAGGCGAAAGGAGTA,CCTACGGGNGGCWGCAG,Overhang_7,Sceloporusgrammicus,Feces,55,84,5.4,31.8,23.1,20.4
Sg.M.H.8.16S,18206,7575,2224,197,0,26,8,206,0,0,0,0,TAAGGCGACTAAGCCT,CCTACGGGNGGCWGCAG,Overhang_8,Sceloporusgrammicus,Feces,58,108,5.1,5.1,10.8,58
Sg.M.H.9.16S,4597,7926,858,87,0,18,0,32,0,0,0,0,CGTACTAGTAGATCGC,CCTACGGGNGGCWGCAG,Overhang_9,Sceloporusgrammicus,Feces,57,120,5.8,5.8,12,57
Sg.M.E.10.16S,6645,7141,294,101,8,12,0,283,37,0,0,0,TCCTGAGCGTAAGGAG,CCTACGGGNGGCWGCAG,Overhang_29,Sceloporusgrammicus,Stomach,57,113,5.9,5.9,12,57
Sg.M.E.4.16S,387,234,22742,9,0,0,0,0,0,0,0,0,CGTACTAGTATCCTCT,CCTACGGGNGGCWGCAG,Overhang_11,Sceloporusgrammicus,Stomach,56,134,9.9,29,17.4,15.9
Sg.M.E.5.16S,3489,154,565,3,15,0,4,0,9,0,0,0,CGTACTAGACTGCATA,CCTACGGGNGGCWGCAG,Overhang_14,Sceloporusgrammicus,Stomach,62,127,6.3,28.1,19.9,19.7
Sg.M.E.6.16S,5568,83,473,0,52,0,0,0,9,0,0,0,AGGCAGAATAGATCGC,CCTACGGGNGGCWGCAG,Overhang_17,Sceloporusgrammicus,Stomach,50,112,3.8,28.9,22.8,20.1
Sg.M.E.7.16S,7642,252,3010,8,68,30,9,3,0,0,31,0,AGGCAGAAAGAGTAGA,CCTACGGGNGGCWGCAG,Overhang_20,Sceloporusgrammicus,Stomach,55,84,5.4,31.8,23.1,20.4
Sg.M.E.8.16S,268,278,12375,0,0,0,5,0,0,0,0,0,AGGCAGAAAAGGAGTA,CCTACGGGNGGCWGCAG,Overhang_23,Sceloporusgrammicus,Stomach,58,108,5.1,5.1,10.8,58
Sg.M.E.9.16S,2118,2307,100,15,0,0,0,83,2,0,0,0,TCCTGAGCCTCTCTAT,CCTACGGGNGGCWGCAG,Overhang_26,Sceloporusgrammicus,Stomach,57,120,5.8,5.8,12,57
Sg.M.I.10.16S,6529,7122,48,106,0,0,0,422,8,0,0,0,TCCTGAGCACTGCATA,CCTACGGGNGGCWGCAG,Overhang_30,Sceloporusgrammicus,Smallintestine,57,113,5.9,5.9,12,57
Sg.M.I.4.16S,144,57,26116,0,0,0,0,0,58,0,0,0,CGTACTAGAGAGTAGA,CCTACGGGNGGCWGCAG,Overhang_12,Sceloporusgrammicus,Smallintestine,56,134,9.9,29,17.4,15.9
Sg.M.I.5.16S,7559,3523,248,70,3,0,0,28,0,0,0,0,CGTACTAGAAGGAGTA,CCTACGGGNGGCWGCAG,Overhang_15,Sceloporusgrammicus,Smallintestine,62,127,6.3,28.1,19.9,19.7
Sg.M.I.6.16S,3900,3976,29,83,0,0,0,170,0,0,0,0,AGGCAGAACTCTCTAT,CCTACGGGNGGCWGCAG,Overhang_18,Sceloporusgrammicus,Smallintestine,50,112,3.8,28.9,22.8,20.1
Sg.M.I.7.16S,17503,18678,1879,259,23,33,755,186,0,0,0,0,AGGCAGAAGTAAGGAG,CCTACGGGNGGCWGCAG,Overhang_21,Sceloporusgrammicus,Smallintestine,55,84,5.4,31.8,23.1,20.4
Sg.M.I.8.16S,558,296,22085,0,0,0,0,0,0,0,0,0,AGGCAGAACTAAGCCT,CCTACGGGNGGCWGCAG,Overhang_24,Sceloporusgrammicus,Smallintestine,58,108,5.1,5.1,10.8,58
Sg.M.I.9.16S,19072,26433,1289,796,19,56,0,299,0,0,0,0,TCCTGAGCTATCCTCT,CCTACGGGNGGCWGCAG,Overhang_27,Sceloporusgrammicus,Smallintestine,57,120,5.8,5.8,12,57
Sg.M.R.10.16S,17958,22503,104,506,10,21,0,1059,0,0,0,0,TCCTGAGCAAGGAGTA,CCTACGGGNGGCWGCAG,Overhang_31,Sceloporusgrammicus,Rectum,57,113,5.9,5.9,12,57
Sg.M.R.4.16S,1354,181,19191,550,0,0,0,33,0,0,0,0,CGTACTAGGTAAGGAG,CCTACGGGNGGCWGCAG,Overhang_13,Sceloporusgrammicus,Rectum,56,134,9.9,29,17.4,15.9
Sg.M.R.5.16S,19670,12001,535,171,0,5,0,172,0,0,0,0,CGTACTAGCTAAGCCT,CCTACGGGNGGCWGCAG,Overhang_16,Sceloporusgrammicus,Rectum,62,127,6.3,28.1,19.9,19.7
Sg.M.R.6.16S,34160,21839,1822,269,19,6,9,270,0,0,0,0,AGGCAGAATATCCTCT,CCTACGGGNGGCWGCAG,Overhang_19,Sceloporusgrammicus,Rectum,50,112,3.8,28.9,22.8,20.1
Sg.M.R.7.16S,29317,30385,1030,285,31,41,978,296,0,0,0,0,AGGCAGAAACTGCATA,CCTACGGGNGGCWGCAG,Overhang_22,Sceloporusgrammicus,Rectum,55,84,5.4,31.8,23.1,20.4
Sg.M.R.8.16S,15052,6704,507,332,0,8,0,320,0,0,0,0,TCCTGAGCTAGATCGC,CCTACGGGNGGCWGCAG,Overhang_25,Sceloporusgrammicus,Rectum,58,108,5.1,5.1,10.8,58
Sg.M.R.9.16S,14417,21314,1052,527,15,18,0,315,0,0,0,0,TCCTGAGCAGAGTAGA,CCTACGGGNGGCWGCAG,Overhang_28,Sceloporusgrammicus,Rectum,57,120,5.8,5.8,12,57