SampleID,Ind,Library,BarcodeSequence,LinkerPrimerSequence,Overhang,Species,SampleType,SVL,TL,Weight,Tb ,Ts ,Ta ,,
Sg.M.E.1.16S,1,D,TAAGGCGATAGATCGC,CCTACGGGNGGCWGCAG,Overhang_1,Sceloporus grammicus,Stomach,54,115,4.2,30.8,24.6,23,, 
Sg.M.E.2.16S,2,D,TAAGGCGAAAGGAGTA,CCTACGGGNGGCWGCAG,Overhang_7,Sceloporus grammicus,Stomach,63,109,4.8,32.3,24.7,25.7,, 
Sg.M.E.3.16S,3,D,CGTACTAGGTAAGGAG,CCTACGGGNGGCWGCAG,Overhang_13,Sceloporus grammicus,Stomach,55,131,7.3,28.6,23.5,24.8,, 
Sg.M.E.4.16S,4,A,CGTACTAGTATCCTCT,CCTACGGGNGGCWGCAG,Overhang_11,Sceloporus grammicus,Stomach,56,134,9.9,29,17.4,15.9,,
Sg.M.E.5.16S,5,A,CGTACTAGACTGCATA,CCTACGGGNGGCWGCAG,Overhang_14,Sceloporus grammicus,Stomach,62,127,6.3,28.1,19.9,19.7,,
Sg.M.E.6.16S,6,A,AGGCAGAATAGATCGC,CCTACGGGNGGCWGCAG,Overhang_17,Sceloporus grammicus,Stomach,50,112,3.8,28.9,22.8,20.1,,
Sg.M.E.7.16S,7,A,AGGCAGAAAGAGTAGA,CCTACGGGNGGCWGCAG,Overhang_20,Sceloporus grammicus,Stomach,55,129,5.4,31.8,23.1,20.4,,
Sg.M.E.8.16S,8,A,AGGCAGAAAAGGAGTA,CCTACGGGNGGCWGCAG,Overhang_23,Sceloporus grammicus,Stomach,58,108,5.1,30.2,24,21.5,,
Sg.M.E.9.16S,9,A,TCCTGAGCCTCTCTAT,CCTACGGGNGGCWGCAG,Overhang_26,Sceloporus grammicus,Stomach,57,120,5.8,29.3,25.2,23,,
Sg.M.E.10.16S,10,A,TCCTGAGCGTAAGGAG,CCTACGGGNGGCWGCAG,Overhang_29,Sceloporus grammicus,Stomach,57,113,5.9,29.4,20.3,19.3,,
Sg.M.I.1.16S,1,D,TAAGGCGACTCTCTAT,CCTACGGGNGGCWGCAG,Overhang_2,Sceloporus grammicus,Small intestine,54,115,4.2,30.8,24.6,23,,
Sg.M.I.2.16S,2,D,TAAGGCGACTAAGCCT,CCTACGGGNGGCWGCAG,Overhang_8,Sceloporus grammicus,Small intestine,63,109,4.8,32.3,24.7,25.7,,
Sg.M.I.3.16S,3,D,CGTACTAGACTGCATA,CCTACGGGNGGCWGCAG,Overhang_14,Sceloporus grammicus,Small intestine,55,131,7.3,28.6,23.5,24.8,,
Sg.M.I.4.16S,4,A,CGTACTAGAGAGTAGA,CCTACGGGNGGCWGCAG,Overhang_12,Sceloporus grammicus,Small intestine,56,134,9.9,29,17.4,15.9,,
Sg.M.I.5.16S,5,A,CGTACTAGAAGGAGTA,CCTACGGGNGGCWGCAG,Overhang_15,Sceloporus grammicus,Small intestine,62,127,6.3,28.1,19.9,19.7,,
Sg.M.I.6.16S,6,A,AGGCAGAACTCTCTAT,CCTACGGGNGGCWGCAG,Overhang_18,Sceloporus grammicus,Small intestine,50,112,3.8,28.9,22.8,20.1,,
Sg.M.I.7.16S,7,A,AGGCAGAAGTAAGGAG,CCTACGGGNGGCWGCAG,Overhang_21,Sceloporus grammicus,Small intestine,55,129,5.4,31.8,23.1,20.4,,
Sg.M.I.8.16S,8,A,AGGCAGAACTAAGCCT,CCTACGGGNGGCWGCAG,Overhang_24,Sceloporus grammicus,Small intestine,58,108,5.1,30.2,24,21.5,,
Sg.M.I.9.16S,9,A,TCCTGAGCTATCCTCT,CCTACGGGNGGCWGCAG,Overhang_27,Sceloporus grammicus,Small intestine,57,120,5.8,29.3,25.2,23,,
Sg.M.I.10.16S,10,A,TCCTGAGCACTGCATA,CCTACGGGNGGCWGCAG,Overhang_30,Sceloporus grammicus,Small intestine,57,113,5.9,29.4,20.3,19.3,,
Sg.M.R.1.16S,1,D,TAAGGCGAAGAGTAGA,CCTACGGGNGGCWGCAG,Overhang_4,Sceloporus grammicus,Rectum,54,115,4.2,30.8,24.6,23,,
Sg.M.R.2.16S,2,D,CGTACTAGTAGATCGC,CCTACGGGNGGCWGCAG,Overhang_9,Sceloporus grammicus,Rectum,63,109,4.8,32.3,24.7,25.7,,
Sg.M.R.3.16S,3,D,CGTACTAGAAGGAGTA,CCTACGGGNGGCWGCAG,Overhang_15,Sceloporus grammicus,Rectum,55,131,7.3,28.6,23.5,24.8,,
Sg.M.R.4.16S,4,A,CGTACTAGGTAAGGAG,CCTACGGGNGGCWGCAG,Overhang_13,Sceloporus grammicus,Rectum,56,134,9.9,29,17.4,15.9,,
Sg.M.R.5.16S,5,A,CGTACTAGCTAAGCCT,CCTACGGGNGGCWGCAG,Overhang_16,Sceloporus grammicus,Rectum,62,127,6.3,28.1,19.9,19.7,,
Sg.M.R.6.16S,6,A,AGGCAGAATATCCTCT,CCTACGGGNGGCWGCAG,Overhang_19,Sceloporus grammicus,Rectum,50,112,3.8,28.9,22.8,20.1,,
Sg.M.R.7.16S,7,A,AGGCAGAAACTGCATA,CCTACGGGNGGCWGCAG,Overhang_22,Sceloporus grammicus,Rectum,55,129,5.4,31.8,23.1,20.4,,
Sg.M.R.8.16S,8,A,TCCTGAGCTAGATCGC,CCTACGGGNGGCWGCAG,Overhang_25,Sceloporus grammicus,Rectum,58,108,5.1,30.2,24,21.5,,
Sg.M.R.9.16S,9,A,TCCTGAGCAGAGTAGA,CCTACGGGNGGCWGCAG,Overhang_28,Sceloporus grammicus,Rectum,57,120,5.8,29.3,25.2,23,,
Sg.M.R.10.16S,10,A,TCCTGAGCAAGGAGTA,CCTACGGGNGGCWGCAG,Overhang_31,Sceloporus grammicus,Rectum,57,113,5.9,29.4,20.3,19.3,,
Sg.M.H.1.16S,1,D,TAAGGCGAGTAAGGAG,CCTACGGGNGGCWGCAG,Overhang_5,Sceloporus grammicus,Feces,54,115,4.2,30.8,24.6,23,,
Sg.M.H.2.16S,2,D,CGTACTAGCTCTCTAT,CCTACGGGNGGCWGCAG,Overhang_10,Sceloporus grammicus,Feces,63,109,4.8,32.3,24.7,25.7,,
Sg.M.H.3.16S,3,D,CGTACTAGCTAAGCCT,CCTACGGGNGGCWGCAG,Overhang_16,Sceloporus grammicus,Feces,55,131,7.3,28.6,23.5,24.8,,
Sg.M.H.4.16S,4,B,TAAGGCGAAGAGTAGA,CCTACGGGNGGCWGCAG,Overhang_4,Sceloporus grammicus,Feces,56,134,9.9,29,17.4,15.9,,
Sg.M.H.5.16S,5,B,TAAGGCGAGTAAGGAG,CCTACGGGNGGCWGCAG,Overhang_5,Sceloporus grammicus,Feces,62,127,6.3,28.1,19.9,19.7,,
Sg.M.H.6.16S,6,B,TAAGGCGAACTGCATA,CCTACGGGNGGCWGCAG,Overhang_6,Sceloporus grammicus,Feces,50,112,3.8,28.9,22.8,20.1,,
Sg.M.H.7.16S,7,B,TAAGGCGAAAGGAGTA,CCTACGGGNGGCWGCAG,Overhang_7,Sceloporus grammicus,Feces,55,129,5.4,31.8,23.1,20.4,,
Sg.M.H.8.16S,8,B,TAAGGCGACTAAGCCT,CCTACGGGNGGCWGCAG,Overhang_8,Sceloporus grammicus,Feces,58,108,5.1,30.2,24,21.5,,
Sg.M.H.9.16S,9,B,CGTACTAGTAGATCGC,CCTACGGGNGGCWGCAG,Overhang_9,Sceloporus grammicus,Feces,57,120,5.8,29.3,25.2,23,,
Sg.M.H.10.16S,10,B,CGTACTAGCTCTCTAT,CCTACGGGNGGCWGCAG,Overhang_10,Sceloporus grammicus,Feces,57,113,5.9,29.4,20.3,19.3,,
Sg.M.HC.1.16S,1,D,TAAGGCGAACTGCATA,CCTACGGGNGGCWGCAG,Overhang_6,Sceloporus grammicus,Cloaca,54,115,4.2,30.8,24.6,23,,
Sg.M.HC.2.16S,2,D,CGTACTAGAGAGTAGA,CCTACGGGNGGCWGCAG,Overhang_12,Sceloporus grammicus,Cloaca,63,109,4.8,32.3,24.7,25.7,,
Sg.M.HC.3.16S,3,D,AGGCAGAATAGATCGC,CCTACGGGNGGCWGCAG,Overhang_17,Sceloporus grammicus,Cloaca,55,131,7.3,28.6,23.5,24.8,,
Sg.M.HC.4.16S,4,C,TAAGGCGAAGAGTAGA,CCTACGGGNGGCWGCAG,Overhang_4,Sceloporus grammicus,Cloaca,56,134,9.9,29,17.4,15.9,,
Sg.M.HC.5.16S,5,C,TAAGGCGAGTAAGGAG,CCTACGGGNGGCWGCAG,Overhang_5,Sceloporus grammicus,Cloaca,62,127,6.3,28.1,19.9,19.7,,
Sg.M.HC.6.16S,6,C,TAAGGCGAACTGCATA,CCTACGGGNGGCWGCAG,Overhang_6,Sceloporus grammicus,Cloaca,50,112,3.8,28.9,22.8,20.1,,
Sg.M.HC.7.16S,7,C,TAAGGCGAAAGGAGTA,CCTACGGGNGGCWGCAG,Overhang_7,Sceloporus grammicus,Cloaca,55,129,5.4,31.8,23.1,20.4,,
Sg.M.HC.8.16S,8,C,TAAGGCGACTAAGCCT,CCTACGGGNGGCWGCAG,Overhang_8,Sceloporus grammicus,Cloaca,58,108,5.1,30.2,24,21.5,,
Sg.M.HC.9.16S,9,C,CGTACTAGTAGATCGC,CCTACGGGNGGCWGCAG,Overhang_9,Sceloporus grammicus,Cloaca,57,120,5.8,29.3,25.2,23,,
Sg.M.HC.10.16S,10,C,CGTACTAGCTCTCTAT,CCTACGGGNGGCWGCAG,Overhang_10,Sceloporus grammicus,Cloaca,57,113,5.9,29.4,20.3,19.3,,