SampleID,Ind,Library,BarcodeSequence,LinkerPrimerSequence,Overhang,SampleType,SVL,TL,Weight,Tb ,Ts ,Ta 
Sg.M.HC.10.16S,7,C,CGTACTAGCTCTCTAT,CCTACGGGNGGCWGCAG,Overhang_10,Cloaca,57,113,5.9,5.9,113,57
Sg.M.HC.4.16S,1,C,TAAGGCGAAGAGTAGA,CCTACGGGNGGCWGCAG,Overhang_4,Cloaca,56,134,9.9,29,17.4,15.9
Sg.M.HC.5.16S,2,C,TAAGGCGAGTAAGGAG,CCTACGGGNGGCWGCAG,Overhang_5,Cloaca,62,127,6.3,28.1,19.9,19.7
Sg.M.HC.6.16S,3,C,TAAGGCGAACTGCATA,CCTACGGGNGGCWGCAG,Overhang_6,Cloaca,50,112,3.8,28.9,22.8,20.1
Sg.M.HC.7.16S,4,C,TAAGGCGAAAGGAGTA,CCTACGGGNGGCWGCAG,Overhang_7,Cloaca,55,84,5.4,31.8,23.1,20.4
Sg.M.HC.8.16S,5,C,TAAGGCGACTAAGCCT,CCTACGGGNGGCWGCAG,Overhang_8,Cloaca,58,108,5.1,5.1,108,58
Sg.M.HC.9.16S,6,C,CGTACTAGTAGATCGC,CCTACGGGNGGCWGCAG,Overhang_9,Cloaca,57,120,5.8,5.8,120,57
Sg.M.H.10.16S,7,B,CGTACTAGCTCTCTAT,CCTACGGGNGGCWGCAG,Overhang_10,Feces,57,113,5.9,5.9,113,57
Sg.M.H.4.16S,1,B,TAAGGCGAAGAGTAGA,CCTACGGGNGGCWGCAG,Overhang_4,Feces,56,134,9.9,29,17.4,15.9
Sg.M.H.5.16S,2,B,TAAGGCGAGTAAGGAG,CCTACGGGNGGCWGCAG,Overhang_5,Feces,62,127,6.3,28.1,19.9,19.7
Sg.M.H.6.16S,3,B,TAAGGCGAACTGCATA,CCTACGGGNGGCWGCAG,Overhang_6,Feces,50,112,3.8,28.9,22.8,20.1
Sg.M.H.7.16S,4,B,TAAGGCGAAAGGAGTA,CCTACGGGNGGCWGCAG,Overhang_7,Feces,55,84,5.4,31.8,23.1,20.4
Sg.M.H.8.16S,5,B,TAAGGCGACTAAGCCT,CCTACGGGNGGCWGCAG,Overhang_8,Feces,58,108,5.1,5.1,108,58
Sg.M.H.9.16S,6,B,CGTACTAGTAGATCGC,CCTACGGGNGGCWGCAG,Overhang_9,Feces,57,120,5.8,5.8,120,57
Sg.M.E.10.16S,7,A,TCCTGAGCGTAAGGAG,CCTACGGGNGGCWGCAG,Overhang_29,Stomach,57,113,5.9,5.9,113,57
Sg.M.E.4.16S,1,A,CGTACTAGTATCCTCT,CCTACGGGNGGCWGCAG,Overhang_11,Stomach,56,134,9.9,29,17.4,15.9
Sg.M.E.5.16S,2,A,CGTACTAGACTGCATA,CCTACGGGNGGCWGCAG,Overhang_14,Stomach,62,127,6.3,28.1,19.9,19.7
Sg.M.E.6.16S,3,A,AGGCAGAATAGATCGC,CCTACGGGNGGCWGCAG,Overhang_17,Stomach,50,112,3.8,28.9,22.8,20.1
Sg.M.E.7.16S,4,A,AGGCAGAAAGAGTAGA,CCTACGGGNGGCWGCAG,Overhang_20,Stomach,55,84,5.4,31.8,23.1,20.4
Sg.M.E.8.16S,5,A,AGGCAGAAAAGGAGTA,CCTACGGGNGGCWGCAG,Overhang_23,Stomach,58,108,5.1,5.1,108,58
Sg.M.E.9.16S,6,A,TCCTGAGCCTCTCTAT,CCTACGGGNGGCWGCAG,Overhang_26,Stomach,57,120,5.8,5.8,120,57
Sg.M.I.10.16S,7,A,TCCTGAGCACTGCATA,CCTACGGGNGGCWGCAG,Overhang_30,Small intestine,57,113,5.9,5.9,113,57
Sg.M.I.4.16S,1,A,CGTACTAGAGAGTAGA,CCTACGGGNGGCWGCAG,Overhang_12,Small intestine,56,134,9.9,29,17.4,15.9
Sg.M.I.5.16S,2,A,CGTACTAGAAGGAGTA,CCTACGGGNGGCWGCAG,Overhang_15,Small intestine,62,127,6.3,28.1,19.9,19.7
Sg.M.I.6.16S,3,A,AGGCAGAACTCTCTAT,CCTACGGGNGGCWGCAG,Overhang_18,Small intestine,50,112,3.8,28.9,22.8,20.1
Sg.M.I.7.16S,4,A,AGGCAGAAGTAAGGAG,CCTACGGGNGGCWGCAG,Overhang_21,Small intestine,55,84,5.4,31.8,23.1,20.4
Sg.M.I.8.16S,5,A,AGGCAGAACTAAGCCT,CCTACGGGNGGCWGCAG,Overhang_24,Small intestine,58,108,5.1,5.1,108,58
Sg.M.I.9.16S,6,A,TCCTGAGCTATCCTCT,CCTACGGGNGGCWGCAG,Overhang_27,Small intestine,57,120,5.8,5.8,120,57
Sg.M.R.10.16S,7,A,TCCTGAGCAAGGAGTA,CCTACGGGNGGCWGCAG,Overhang_31,Rectum,57,113,5.9,5.9,113,57
Sg.M.R.4.16S,1,A,CGTACTAGGTAAGGAG,CCTACGGGNGGCWGCAG,Overhang_13,Rectum,56,134,9.9,29,17.4,15.9
Sg.M.R.5.16S,2,A,CGTACTAGCTAAGCCT,CCTACGGGNGGCWGCAG,Overhang_16,Rectum,62,127,6.3,28.1,19.9,19.7
Sg.M.R.6.16S,3,A,AGGCAGAATATCCTCT,CCTACGGGNGGCWGCAG,Overhang_19,Rectum,50,112,3.8,28.9,22.8,20.1
Sg.M.R.7.16S,4,A,AGGCAGAAACTGCATA,CCTACGGGNGGCWGCAG,Overhang_22,Rectum,55,84,5.4,31.8,23.1,20.4
Sg.M.R.8.16S,5,A,TCCTGAGCTAGATCGC,CCTACGGGNGGCWGCAG,Overhang_25,Rectum,58,108,5.1,5.1,108,58
Sg.M.R.9.16S,6,A,TCCTGAGCAGAGTAGA,CCTACGGGNGGCWGCAG,Overhang_28,Rectum,57,120,5.8,5.8,120,57